,objektid,byggtype_profet,areal,byggstandard_profet,grunnvarme,solceller,luft_luft_varmepumpe,fjernvarme,_utetemperatur,_termisk_energibehov,_elspesifikt_energibehov,_kompressor,_levert_fra_kilde,_spisslast,_fjernvarmeproduksjon,_solcelleproduksjon,_nettutveksling_energi_liste,_nettutveksling_energi,_nettutveksling_effekt
0,1,A,250,X,0,0,0,1,[0],[5.74019802 5.39010102 5.17487247 ... 6.93639297 6.37439827 6.19226012],[1.04110417 0.81044793 0.72852083 ... 1.78853125 1.59442708 1.26545832],0,0,0,"[-5.74019802 -5.39010102 -5.17487247 ... -6.93639297 -6.37439827
 -6.19226012]",0,[1.04110417 0.81044793 0.72852083 ... 1.78853125 1.59442708 1.26545832],10000.0,2.0
1,2,A,500,X,0,0,0,1,[0],"[11.48039605 10.78020205 10.34974495 ... 13.87278595 12.74879655
 12.38452025]",[2.08220835 1.62089585 1.45704165 ... 3.5770625  3.18885415 2.53091665],0,0,0,"[-11.48039605 -10.78020205 -10.34974495 ... -13.87278595 -12.74879655
 -12.38452025]",0,[2.08220835 1.62089585 1.45704165 ... 3.5770625  3.18885415 2.53091665],20000.0,4.0
2,3,B,100,X,1,0,0,0,[0],[2.36079664 2.17096663 2.05856729 ... 2.94813532 2.68700069 2.55605241],[0.41644167 0.32417917 0.29140833 ... 0.7154125  0.63777083 0.50618333],[0.55104199 0.55104199 0.55104199 ... 0.55104199 0.55104199 0.55104199],"[-1.37760496 -1.37760496 -1.37760496 ... -1.37760496 -1.37760496
 -1.37760496]",[0.43214969 0.24231968 0.12992034 ... 1.01948837 0.75835374 0.62740546],0,0,[2.38282502 1.9109025  1.65333298 ... 3.85647321 3.25656228 2.86307822],18800.0,9.0
3,4,C,150,X,0,0,0,0,[0],[1.98756021 2.01223671 2.01800333 ... 2.26186311 2.18939466 2.12978171],[1.6871787  1.67848425 1.67396325 ... 1.7504874  1.72718805 1.6967163 ],0,0,0,0,0,[3.67473891 3.69072096 3.69196658 ... 4.01235051 3.91658271 3.826498  ],40400.0,11.0
