,objektid,byggtype_profet,areal,byggstandard_profet,grunnvarme,solceller,luft_luft_varmepumpe,fjernvarme,_nettutveksling_energi,_nettutveksling_effekt,_utetemperatur,_termisk_energibehov,_elspesifikt_energibehov,_kompressor,_levert_fra_kilde,_spisslast,_fjernvarmeproduksjon,_solcelleproduksjon,_nettutveksling_energi_liste
0,1,A,250,Y,0,0,0,1,10000.0,2.0,[0],[3.41953667 3.1931258  3.07360835 ... 4.32776402 3.89511232 3.69550652],[1.04110417 0.81044793 0.72852083 ... 1.78853125 1.59442708 1.26545832],0,0,0,"[-3.41953667 -3.1931258  -3.07360835 ... -4.32776402 -3.89511232
 -3.69550652]",0,[1.04110417 0.81044793 0.72852083 ... 1.78853125 1.59442708 1.26545832]
1,2,A,500,Y,0,0,0,1,20000.0,4.0,[0],[6.83907335 6.3862516  6.1472167  ... 8.65552805 7.79022465 7.39101305],[2.08220835 1.62089585 1.45704165 ... 3.5770625  3.18885415 2.53091665],0,0,0,"[-6.83907335 -6.3862516  -6.1472167  ... -8.65552805 -7.79022465
 -7.39101305]",0,[2.08220835 1.62089585 1.45704165 ... 3.5770625  3.18885415 2.53091665]
2,3,B,100,Y,1,0,0,0,13600.0,5.0,[0],[1.46975365 1.32741427 1.25176424 ... 1.94652407 1.73505208 1.59739691],[0.41644167 0.32417917 0.29140833 ... 0.7154125  0.63777083 0.50618333],[0.35391202 0.35391202 0.35391202 ... 0.35391202 0.35391202 0.35391202],"[-0.88478004 -0.88478004 -0.88478004 ... -0.88478004 -0.88478004
 -0.88478004]",[0.23106159 0.08872221 0.01307218 ... 0.70783201 0.49636002 0.35870485],0,0,[1.58638888 1.20944762 1.02537672 ... 2.83890055 2.3383149  1.93141706]
3,4,C,150,Y,0,0,0,0,35100.0,9.0,[0],[1.25743012 1.26894855 1.23149485 ... 1.4263521  1.3473685  1.36285354],[1.6871787  1.67848425 1.67396325 ... 1.7504874  1.72718805 1.6967163 ],0,0,0,0,0,[2.94460882 2.9474328  2.90545811 ... 3.1768395  3.07455655 3.05956984]
